product_id,customer_id,rating,review_text
21,94,3,Art suffer everything computer way red upon.
6,86,5,Consider prepare smile they realize wonder election.
72,55,4,Project local north since cut discover as.
61,103,5,Wear himself technology stock.
63,65,1,Half character sell response.
35,42,1,Anyone story after system culture any.
20,190,5,Manager person national option of memory.
55,59,4,General watch quite such identify treatment debate.
89,81,3,Sort weight late easy lose explain.
54,199,5,Especially experience yes each discussion town.
8,35,4,Tax affect four what pass now glass hear.
89,106,1,Network watch write statement.
1,98,5,Box week box exactly time.
2,150,1,How arm contain computer be.
25,99,3,Account outside from I effort.
64,188,5,Sometimes family be trade.
88,47,1,Sea difficult tree rock.
10,45,3,Work argue father increase bit community.
15,12,1,Free development both myself begin.
71,101,4,About president stay crime support prevent.
20,145,2,Process local set.
77,9,5,Generation base wall century send.
93,29,3,No produce site floor feel media.
48,116,4,Nice star avoid line discover eye.
40,119,4,Various heart member something similar hit note them.
80,198,1,Everybody report inside attorney.
26,106,1,Thing risk explain positive professional specific yet.
7,35,5,Include enter food behind hundred front create.
60,74,5,Throw radio they actually read assume agent.
7,39,3,Draw natural entire upon these.
47,182,3,Ago own bill lay.
68,125,5,Easy magazine worry nearly hospital ok interest.
43,136,2,Item mind nature professional policy.
45,26,1,Plant they test energy foot home moment attack.
87,180,3,He will without.
18,77,5,Less evidence might long where can long.
26,66,4,Age democratic safe vote environment certainly close.
90,179,5,Note to nearly.
28,127,2,Break pass various born lawyer want brother.
34,155,5,Rich subject camera process girl.
58,200,5,Vote last too least particularly local pattern.
94,106,3,Fall arm keep.
87,126,2,Identify politics even statement prove almost attention.
5,175,5,Degree beat car respond event far.
8,83,1,Thousand phone difference involve.
54,95,5,Phone picture help lay true music its.
95,167,4,Give pay point focus write might exactly.
8,134,5,Management you science amount good receive.
30,66,3,Clear bit vote figure.
45,196,2,Radio pick assume detail.
33,82,1,Certain leave quality consider.
24,163,4,Recently wonder face understand message discover.
51,191,4,Security space its born set follow friend.
81,183,3,Whatever author grow very perform measure.
22,165,2,Approach choose set simply suddenly simple meeting.
83,158,5,Feel whom break available voice top power.
60,185,4,Type let every first lot source room.
11,16,1,Night against rich skill conference.
56,115,2,Worker by write significant point television magazine.
72,153,2,Best imagine upon ground unit.
80,130,2,Seat follow book employee.
81,118,4,Alone wait pull far debate front.
77,2,1,Country team pay heavy reveal one program.
36,148,4,Truth public ground much short allow.
84,22,1,Seem treat him believe treat interview.
88,147,2,Still clear if only system record worry.
53,53,5,Ok attention other thousand value control.
11,123,2,Three financial travel American woman.
68,151,4,Thought black let catch matter son.
4,164,1,Street make every value again skill.
95,141,5,Claim industry contain process article.
93,195,4,Seven partner these upon.
8,135,4,Sign baby campaign want reflect feeling.
48,147,2,Key summer something PM.
44,49,5,Agency site city scientist per before.
5,43,4,Finish when daughter.
46,137,4,Because heart property way hard area.
85,55,4,Movement exist head much.
80,60,4,Especially age smile politics while consumer seek.
99,47,1,Treat herself have scene seek.
53,57,2,Agent major government no peace them last.
100,112,5,Security mind carry across lawyer.
28,143,4,Call assume sea family card.
83,193,5,Top buy popular door minute begin.
22,146,4,Agree child effect manage interview.
52,193,4,Particular heart push model the break.
32,43,2,Social decade plan go song general after.
27,178,4,Her every point mother.
49,106,2,Free whole happy.
81,94,1,Mean on attorney.
75,46,2,Scientist degree get approach.
100,155,2,One while form director long without sound follow.
2,74,2,Stock school development single news response not.
76,34,3,Newspaper example history possible know Congress land.
3,98,1,Resource cup base.
13,71,3,Soldier popular at heart character put sign.
7,144,2,System all human.
19,114,2,Manage live resource once phone smile short.
88,118,3,Research field quite drive decision live control.
42,39,1,Stand season early consider garden for front.
70,195,3,Interview important present him tonight table rule.
42,24,2,News everything some one customer exist rather.
45,105,2,National brother ground citizen face nice last.
14,141,3,Feel gun add seat special test front.
41,53,5,Security TV authority computer piece past yes forget.
54,105,1,Figure responsibility same be million mother teacher example.
11,156,5,Trouble boy east identify body growth.
22,170,1,Benefit knowledge seven make game popular.
53,68,2,Whether letter let.
44,7,5,Pm if eight number add.
9,43,3,Rest can piece guy.
83,125,1,Task southern sound beautiful performance least method court.
16,154,4,Age travel from show above create morning.
8,16,1,Customer strategy either somebody author.
39,46,1,Push fast learn song.
51,128,4,Read white she class former reveal page.
12,191,1,Treatment middle guy standard hard treat.
61,21,2,Foot suffer amount writer perhaps over tend.
23,159,4,View top financial suggest take next.
25,145,1,Sister up officer international ok.
37,84,1,Keep lead road consider itself.
28,41,2,South statement coach admit if.
88,88,2,Store ability white catch.
64,152,2,Price serve fish.
3,72,4,Financial bill thousand.
34,31,1,Guess while attorney throw thousand security safe.
54,59,1,Reflect none see question.
99,145,4,Industry citizen community try.
55,104,1,Assume city drug not.
40,145,4,Mouth fund though work wish five.
29,79,2,Third campaign lay person summer.
27,84,4,Field treat side economic.
61,86,4,Such increase subject again left be today.
65,196,3,Play successful cultural argue participant somebody some.
16,150,1,Grow term protect court.
100,48,4,Impact task miss in.
6,54,1,Edge cup often technology four fund.
95,74,1,Responsibility team laugh appear within last sing.
61,200,1,Maintain Congress institution game possible.
48,181,4,Determine never and board blood.
44,199,4,Stand TV color use like.
91,27,5,Better speech simple similar wait successful with.
27,67,4,Second million quality fish our Democrat.
43,45,2,Attack smile position purpose stand from.
60,128,4,Everything a resource kitchen heart here as interview.
16,17,3,International will to may significant career suddenly.
84,8,2,Form senior sort nearly black base most newspaper.
48,116,2,Indeed teach serious teacher memory collection.
84,155,4,Eight condition military lead chance.
62,151,5,Public goal lot.
39,189,5,Ahead wish building fall.
92,156,4,Ball yet create item.
95,119,1,Imagine player area responsibility natural nothing.
89,127,2,Town present positive.
45,174,5,Show but ability nation development suddenly question.
8,177,4,Contain myself measure responsibility toward next.
16,189,1,Teacher home address you agree.
11,47,5,Benefit represent a pull night fly enjoy.
80,142,2,Degree public possible that employee hotel.
23,78,3,Represent suffer wrong already new business.
14,91,5,Reflect choice war.
51,119,4,Environmental age put sound successful property dream race.
84,48,2,Bag arm thing government.
86,38,3,Everyone car indicate attack shake drug.
68,168,4,Reduce our imagine response mind serve.
78,158,1,Last despite move street quickly foreign.
13,76,2,Arm do firm into who crime perhaps.
49,192,2,Great word card beautiful close fast science they.
4,108,2,Offer young lawyer ten type edge somebody.
50,66,4,Across never fact cover space question top.
19,128,3,Arrive area town factor new professional suggest.
75,177,3,Throw real ahead ability southern protect none.
1,124,1,Dream science same my.
16,90,1,Shoulder small personal food surface address.
40,192,1,Fly anything meet most red.
46,123,1,Material produce compare include base support.
46,142,3,Face law product.
74,35,1,Among term experience speak perhaps cold.
59,93,1,Their life woman image indicate kid.
17,95,4,Turn of professor officer issue yourself.
20,154,2,Mrs send financial theory rate wall.
69,11,2,Bit sit edge now nation American.
61,54,4,Beyond bring indeed learn compare they.
18,199,2,Civil career race those we court.
67,180,4,Candidate customer expect phone affect light.
1,89,1,Between network where low capital but consider house.
31,87,2,Guess professor impact everything.
57,150,4,Cultural stock computer.
20,169,1,Company nearly break style history hold law create.
59,1,4,Win recognize south boy represent bit about.
50,138,3,Experience consumer computer music box town.
42,182,2,Business none doctor picture whom outside.
50,195,3,Discuss town couple brother meeting.
85,121,1,This safe poor bed finish.
10,99,3,Recently rise win nation.
5,196,2,Daughter treat data paper government game information.
89,130,2,Stop billion through color also.
86,80,1,Right operation tell wonder on require or.
41,196,4,Guy large ten head just.
64,92,2,Argue have word team win image herself.
11,163,4,Admit degree company like per yes.
96,30,2,Apply production commercial sure might expect cell expert.
55,116,5,How or military.
81,149,4,Commercial score light there bit point marriage foreign.
80,56,1,Difference commercial begin hundred brother tonight.
20,37,4,Government beyond system peace where.
19,175,4,Away door officer pay.
93,188,2,Social improve himself as piece age draw.
26,131,4,Do who face decision.
36,71,5,To child say dark upon.
30,199,5,Father security bank it moment simply.
95,94,1,Interview ability degree need view.
94,26,1,Seven newspaper record finish bag enjoy research.
11,12,1,Doctor piece together culture author current skin.
19,45,1,Peace network low stay national although memory.
46,197,2,Partner expect hope.
60,68,4,Close force structure claim special else eat good.
18,190,4,Board yet here sea always quite admit.
37,49,5,Firm size today star shake past maintain.
28,196,4,Term coach popular suffer before.
15,164,5,Reality why bed realize late media rest.
43,56,1,About want grow feel capital.
78,55,5,Commercial live institution glass glass.
97,131,5,Three short standard newspaper door.
1,176,4,Believe only go maybe somebody foreign their.
87,91,1,Feel national growth develop throughout.
34,75,4,Western understand assume state property local.
68,87,2,Training sense century important history.
89,46,1,Day coach must good impact foreign scene.
21,107,1,Situation century section.
67,174,4,Who building positive vote particularly anything just.
4,181,2,Simple television my billion brother.
57,139,2,Fast dark show last age life listen.
23,179,2,Lead bar system five relationship indeed off nor.
59,184,4,Character population street yes daughter brother discover.
81,166,1,Person interview its message themselves far laugh value.
57,12,1,Cup senior south return kind thing once.
77,112,2,Under tend series nearly at more notice religious.
46,187,1,Matter nothing ok simple she travel year.
67,24,5,Oil trial both anyone heavy build.
68,161,3,While us somebody too represent traditional marriage nation.
31,199,3,Offer force model order big.
39,162,5,Window fear a where certain although.
21,167,2,Always believe once despite true cost deep.
7,187,2,Itself mention nature right out skill trouble color.
6,147,2,Traditional set bit.
95,197,3,Beyond leg ago even I conference throw buy.
50,142,3,Continue life case culture discussion.
26,86,1,Record rich per common relationship behavior.
45,142,3,Son less lot wish game where improve.
72,121,3,Good civil executive figure blue character.
26,76,5,Authority base impact rather course her.
35,178,1,Attorney data perhaps account way.
89,184,3,Cover ago professor allow federal.
60,102,2,Land raise nearly oil base try.
58,156,1,Nearly turn look say without only.
12,47,2,Act fire thought carry build they tell.
97,73,5,List pass pressure gun their realize.
58,168,2,Start turn start machine.
19,53,5,Or go leg pay.
72,15,4,Huge choice middle personal coach station weight.
81,137,2,Stage executive apply draw gun.
74,6,3,Speak clear kitchen top raise data large.
87,92,2,Action message player Republican day race.
36,195,3,Science social sell care rate truth floor.
35,4,5,Huge word ago despite.
69,188,2,Opportunity present consumer mother even attention opportunity.
60,84,3,Since Republican stock write moment relationship.
5,55,3,Around throw health response town west pattern.
31,180,1,More price without even finish.
21,57,4,Because education then sister change full.
14,8,2,Expert business practice kitchen paper century public.
17,75,1,Be drive recently mind become catch.
59,82,4,Tend prove floor.
58,44,5,Off history sense.
21,99,2,Southern win so season establish stuff and.
74,57,4,Best good sometimes determine beyond consider.
20,176,3,Opportunity memory mention us building east.
49,179,4,Better sell appear realize chair.
9,39,3,Table fear leg back sometimes law such.
66,197,3,Development ever I half impact keep.
22,58,4,Success apply week.
54,163,1,They positive central person.
19,143,5,Happy image determine view around strong.
19,4,2,Position without check purpose trade.
77,159,2,End time dinner man.
86,152,1,Couple design technology event increase.
62,12,1,Office government type girl positive.
13,169,1,Couple half president sign century blood.
64,3,1,Reflect action degree stay.
22,132,2,Walk agent model might.
48,60,1,Brother budget major own.
30,34,5,Environmental speech challenge office.
61,10,3,Or machine clearly.
41,22,5,Exactly husband conference seven occur.
15,11,1,Natural continue tend measure music finish.
64,158,2,During billion behind develop.
75,129,2,Long ask point section more seven.
77,136,4,Buy positive finally although our among see program.
100,50,3,Eat win quite five.
8,85,1,Position subject line measure.
87,57,2,Within over gun grow more reflect purpose.
57,43,1,Option rather kitchen official.
60,27,5,Another teach left attack note example design.
50,68,1,Simple more but.
81,71,3,Take admit forget building game air.
41,142,5,Science later possible item meeting explain.
79,177,2,Family difference night morning rock.
7,135,5,Industry seat walk leg determine girl base report.
41,65,5,Force require officer week dog glass training.
34,85,4,Threat while simple.
77,88,2,View resource loss red grow.
6,64,1,Image arm focus man tax.
86,167,3,Study second more view table seven really itself.
66,180,5,Kid blood learn.
5,75,4,A board list significant seem.
48,133,4,Two modern team data market.
39,24,4,Program consider discussion science.
98,79,5,Manage medical arrive.
95,86,5,Fire thank off direction mention right.
63,5,1,Rather wind kid expect life.
86,72,5,Support just guess degree enough.
49,88,3,Expect pick west especially.
61,129,5,Camera size item rather.
62,3,1,Up clearly do bring American daughter.
94,18,1,Common significant hundred live sell left set.
51,157,2,Course be response about bar may glass.
30,48,3,Standard pull push other network physical international meeting.
96,57,3,Successful mission my join health in care very.
70,181,2,Treatment drive sign it heavy low kind.
16,84,3,Early bring than scene small.
47,43,4,Question I discover else nearly bag though.
86,60,2,Edge yet step stage hot different.
98,51,4,Girl international off yeah blood light.
62,198,4,Campaign court shake key increase behavior heavy.
62,21,4,Republican head property just.
33,116,1,Once office ball everybody contain mention the.
79,32,3,The alone student whether north worry soon.
30,137,2,Sense thousand responsibility.
40,28,2,Quickly head impact create.
73,12,3,May begin rule begin.
94,20,2,Tree pass pick anything.
57,61,3,Eye provide state put expect true our ok.
9,75,5,Ok loss each tough way your new.
53,194,3,Statement wear however during professional.
57,11,3,Process all the fill cold.
4,92,2,Together marriage real for.
13,121,2,Few identify us strong evidence.
21,93,5,Left artist card method.
29,7,4,To last seat purpose stock quite personal operation.
71,120,1,Beautiful beyond then environmental practice.
68,8,3,Hit trade degree another one southern girl.
94,200,2,Person way alone or stage.
3,41,5,Despite last will catch artist.
96,190,3,Newspaper table worker must nation seat decision.
90,154,4,Western several exactly end appear organization.
54,37,1,Miss minute design happen remember resource professor.
9,22,3,Again find foreign visit take.
20,82,5,Their decade word.
44,101,5,Model property arm ok since spring.
92,25,5,Condition ball past me challenge beyond believe.
78,32,3,Wear table pressure animal.
1,38,1,Start thus middle to.
52,158,3,Might where result activity single site.
5,183,3,Authority sell offer like.
61,81,3,Support agree there probably middle.
71,5,1,As else nearly often city management wind.
83,176,5,Shoulder land religious deep.
79,85,4,Least yes able father if check.
90,135,2,Stay mother character.
93,29,4,Program central place prevent indicate card brother.
34,164,3,Lawyer plant market assume.
54,112,5,Paper because tough tax system expert.
63,141,5,Last share attack section us gas minute part.
98,26,4,Wide score wife down resource around say amount.
90,146,3,Reach step authority win.
18,168,2,Catch travel science.
71,188,3,Country ahead foreign something model mouth allow hard.
99,164,3,Apply before special staff travel program result final.
98,55,2,Student business which gun.
67,83,5,Necessary standard travel system government.
56,81,1,Or window gas involve.
28,164,5,Thought early member much.
21,137,3,Sport west model free speak or fly.
87,116,5,Against up doctor use movement two present.
39,90,4,Energy market listen while treat can number door.
12,166,4,Audience what participant evidence note style compare.
55,186,3,Continue degree it I.
21,58,1,Production apply than.
18,34,1,Act direction person point paper.
83,146,2,Pass plant Republican wife play about.
55,137,1,Cell him ten enough compare.
32,44,4,General start investment religious me question wrong.
40,82,3,Network will type play up whose think.
21,29,4,Event set moment charge people.
35,71,5,Assume nearly suddenly themselves occur worry particular.
19,193,4,True various action beautiful take.
68,100,3,Treatment standard until see down action movement.
76,65,5,Everybody bring role lot however avoid tell.
47,26,1,Respond still campaign open answer myself special.
56,109,5,Good boy consumer television.
64,198,1,Price miss serve trip coach.
53,177,2,Bring fall herself create worker degree.
79,65,5,Finish decide cause individual pay road well.
9,177,4,Call behind offer seat treat technology animal.
18,166,4,Factor recent senior after.
92,32,1,Foreign season science well.
80,85,5,Fire mission peace yourself evidence trial.
32,54,1,Dog Mrs certain even professor seat.
5,9,1,Affect save throughout PM executive.
60,154,2,Avoid conference goal sport situation share.
34,122,2,Last indicate commercial show share once particular base.
70,17,2,Analysis chair than key either turn skin.
38,64,3,Soon movement teacher same executive home.
12,122,3,Treatment recent financial action campaign free special.
44,109,4,Take hair travel executive number notice.
18,104,4,Form season well start check return.
20,82,3,Democrat guess history sister ready range authority husband.
77,90,3,Throughout expert song another.
83,73,2,Say type where painting.
61,16,3,Him provide brother necessary build in few nature.
39,12,4,Notice decision wife half act.
59,44,3,After way contain miss simple left sea service.
47,59,2,Story professor idea member.
17,58,5,Free somebody who fast rule man.
63,81,1,Discover song manager deep white.
98,175,1,Sort call if include they successful.
30,134,2,Six white necessary now.
38,24,4,Keep statement war least soldier.
37,47,3,Agreement cost total subject small.
99,15,2,What public boy several.
85,33,5,Later mention start sing Congress.
1,169,1,Attention argue hair professional arrive summer tend red.
20,37,5,Reach pay general travel red structure fact.
73,132,1,Affect mention writer research just manage.
42,24,4,Because natural easy up onto tend teach.
26,150,2,Including economic land question.
32,70,1,Think others wife let challenge third shoulder.
88,198,1,Friend big officer rule hundred space movement.
100,184,5,Southern thousand direction debate radio what.
52,169,4,Will fact mean.
63,125,5,West up individual another cup large more.
96,66,3,May perhaps bar notice society subject.
11,17,2,Story give institution tough.
24,62,4,Media note writer thousand body down create.
73,14,2,Start keep kind education.
98,49,3,Last material party reason view.
29,9,3,Ability guy laugh month face bill art.
41,54,1,Medical fire member method enjoy bring turn.
56,160,5,Season budget certainly sound.
24,183,2,Future cultural score become recognize thing do.
68,148,1,Message already market war.
98,22,5,Technology statement that miss leave his memory person.
57,86,3,Significant room question respond to.
2,115,4,Describe reality position our Democrat.
11,142,4,Bag wall improve bag staff.
11,147,2,Body PM list support science least.
52,200,2,Senior daughter physical recognize entire keep skill.
100,166,3,Forget idea close hit toward plant race morning.
91,81,3,Difference trouble little right up start.
89,71,4,Ball school difference eight.
36,108,4,Share or usually century.
43,142,3,Southern interview sport large hotel product.
84,194,3,Apply allow more Congress audience process.
21,168,3,Current usually too drug method likely simply believe.
49,161,3,Occur expect true different.
100,42,3,To on scene including hand.
76,89,3,Art property maintain across century condition amount here.
18,29,3,Billion bank time policy magazine store.
77,134,5,Together girl need father today cultural.
36,166,3,Example dream safe our imagine.
71,59,2,Attack with minute unit year.
49,188,2,Myself them operation night too accept old.
49,59,2,Collection economic reduce stop one.
52,30,5,Music picture local thought since yet term.
9,189,3,Key decade window contain sister above.
66,188,4,Fund knowledge seem drop road drop entire various.
36,78,2,Make program piece let him face chair.
47,151,3,Stay already add citizen.
15,32,1,Activity thing similar.
13,137,2,Clearly power arm deep physical meet.
1,33,3,Performance event respond rate street large.
95,120,1,Customer ten hope window we science talk.
57,118,5,Interesting operation attention live stop.
55,70,2,Improve sure under land professor along partner upon.
9,159,5,Specific middle history bill message deep.
29,173,4,Nearly road stock few result cover born consider.
20,48,1,Heart card financial gas gun loss.
54,9,2,Media war part indicate local.
55,97,2,Traditional seem statement since.
81,140,5,Father southern add like chair we relationship.
83,82,1,National finally chair pick.
81,6,5,Despite father write part else.
5,18,1,Live today beyond hour generation.
58,191,2,Strong well account above.
13,40,1,Consider agency prepare simple.
76,174,3,Use list child according.
61,200,2,Check own reason speak.
13,83,5,Personal too rock fight majority ago half.
22,182,3,Store week star last.
